"id","name","description","prompt","category","tag","tip","output","type","platform","view","image","save","feature","audience"
"1177","Developing Multilingual Chatbots2","ChatGPT can be a useful tool for developing multilingual chatbots. As a language model trained on a diverse range of text, ChatGPT can help with generating responses in multiple languages, as well as handling natural language processing for different languages. With the ability to understand context and generate relevant responses, ChatGPT can be a valuable asset for those looking to create chatbots that can effectively communicate with people in various languages.","""I'm looking to build a chatbot that can converse in [language] and [language]. Can you provide me with some example responses for common questions or topics, such as [topic] or [topic]?""","14","ChatGPT, Multilingual, Context","Consider using pre-existing language models or chatbot platforms that already support multilingual capabilities. These can help streamline the development process and reduce the need for extensive language training.",,"Text","Gemini, ChatGPT, Claude","200116","14.png","3174","1","Chatbot Developer, Natural Language Processing Engineer, Machine Learning Engineer, AI Researcher, Computational Linguist"
"1178","Multilingual Chatbot Training Strategies","Explore training methods for multilingual chatbots, focusing on [language] and [language] recognition.","""What are some best practices for training a chatbot to recognize and respond to multiple languages, particularly when it comes to [language] and [language]? Are there any specific resources or techniques you would recommend for this process?""","14","Multilingual, Language Recognition, Best Practices","Focus on understanding the nuances of different languages and cultures, particularly in terms of idioms and common phrases. This can help ensure that the chatbot's responses are accurate and relevant to the user's needs.",,"Text","Gemini, ChatGPT, Claude","23457","14.png","727",,"Data Scientist, Machine Learning Engineer, Natural Language Processing Specialist, Computational Linguist, Conversational AI Developer"
"1179","Addressing Challenges in Multilingual Chatbot Development","Navigate challenges in multilingual chatbot development, especially regarding [aspect] and [aspect].","""In developing a multilingual chatbot, what are some potential issues or challenges that can arise, particularly when it comes to [aspect] or [aspect]? How can these be addressed or mitigated?""","14","Multilingual chatbot, Challenges, Aspect","When testing the chatbot, gather feedback from users who speak different languages to ensure that it is functioning properly and effectively across all languages. This can help identify and address any issues that may arise in the development process.",,"Text","Gemini, ChatGPT, Claude","3417","14.png","246",,"#ERROR!"
"1180","Platforms for Multilingual Chatbot Creation","Recommend tools for building multilingual chatbots, addressing language nuances for [language] and [language].","""Can you recommend any specific tools or platforms for building a multilingual chatbot, particularly for languages such as [language], [language], or [language]? How do these tools handle the nuances of language and culture?""","14","Multilingual Chatbot, Tools, Platforms","When testing the chatbot, gather feedback from users who speak different languages to ensure that it is functioning properly and effectively across all languages. This can help identify and address any issues that may arise in the development process.",,"Text","Gemini, ChatGPT, Claude","3123","14.png","898",,"Product Manager, Software Engineer, Chatbot Developer, Customer Service Representative, Language Specialist"
"1181","Culturally Sensitive Multilingual Chatbot Strategies","Implement strategies for culturally sensitive multilingual chatbots, emphasizing [aspect], [aspect], and [aspect].","""What are some strategies for ensuring that a multilingual chatbot is culturally sensitive and appropriate for different audiences, particularly in terms of [aspect], [aspect], and [aspect]? Are there any resources or guidelines you would recommend for this?""","14","Multilingual Chatbot, Cultural Sensitivity, Best Practices","When testing the chatbot, gather feedback from users who speak different languages to ensure that it is functioning properly and effectively across all languages. This can help identify and address any issues that may arise in the development process.",,"Text","Gemini, ChatGPT, Claude","31537","14.png","536",,"Chatbot Engineer, Localization Specialist, Software Developer, UX Designer, Technical Writer"
"1182","Creating Chatbots for Social Media","ChatGPT can be used to create chatbots for social media by generating conversational responses to various prompts related to the task. It can provide personalized and engaging content for the chatbot to improve user experience. ChatGPT can also assist in creating natural language responses, which can help the chatbot to sound more human-like.","""Can you provide some sample conversational responses for a chatbot about [specific topic] on [specific social media platform], with a focus on [specific demographic] users and their interests in [specific area]?""","14","ChatGPT, Social Media, Conversational Response","Keep the chatbot's responses short and to the point, as social media users tend to have shorter attention spans.",,"Text","Gemini, ChatGPT, Claude","207838","14.png","3809","1","Social Media Manager, Community Manager, Chatbot Developer, Conversational AI Specialist, Content Strategist"
"1183","Enhancing Chatbot Engagement on Social Media","Improve chatbot interaction on [specific platform], targeting [specific topic] enthusiasts.","""How can I improve the engagement and interaction of my chatbot on [specific social media platform], particularly with users who are interested in [specific topic]?""","14","Chatbot, Social Media, Engagement","Use the chatbot to respond to frequently asked questions, provide helpful information and tips, and offer personalized recommendations.",,"Text","Gemini, ChatGPT, Claude","5320","14.png","550",,"Social Media Manager, Content Strategist, Chatbot Developer, Marketing Analyst, Brand Ambassador"
"1184","Overcoming Chatbot Creation Challenges","Address common hurdles in [specific platform] chatbot development, focusing on [specific feature].","""What are some common challenges when creating a chatbot for [specific social media platform], and how can they be addressed, especially when it comes to [specific feature]?""","14","Chatbot, Specific Feature, Social Media Platform","Ensure that the chatbot's responses align with your brand's tone and voice, to maintain consistency and build trust with your audience.",,"Text","Gemini, ChatGPT, Claude","31823","14.png","238",,"#ERROR!"
"1185","Best Practices for Social Media Chatbot Integration","Optimize chatbot integration on [specific platform] for [specific purpose] and [specific goal] achievement.","""What are the best practices for integrating a chatbot on [specific social media platform], especially when it comes to [specific purpose], and how can the chatbot be optimized for [specific goal]?""","14","Social Media, Chatbot, Optimization","Ensure that the chatbot's responses align with your brand's tone and voice, to maintain consistency and build trust with your audience.",,"Text","Gemini, ChatGPT, Claude","15744","14.png","169",,"#ERROR!"
"1186","Humanizing Chatbots for Target Audiences","Humanize chatbots for [specific demographic], interested in [specific topic], on [specific platform].","""Can you suggest some tips for making a chatbot more human-like and relatable to users on [specific social media platform], especially those who are [specific demographic], interested in [specific topic], and use [specific device]?""","14","Chatbots, Social Media Platform, Target Audience","Ensure that the chatbot's responses align with your brand's tone and voice, to maintain consistency and build trust with your audience.",,"Text","Gemini, ChatGPT, Claude","25359","14.png","61",,"Social Media Manager, Content Strategist, Marketing Analyst, Digital Marketer, Conversational AI Developer"
"1187","Chatbot Security and Data Privacy","ChatGPT can be used to improve chatbot security and data privacy. By training the model with relevant data, it can assist in developing chatbots that ensure user data is kept secure and private. ChatGPT can provide responses to various prompts related to the topic, which can assist in developing chatbots that prioritize the security and privacy of users.","""What are the [most effective/proven] [methods/techniques] to ensure chatbot [data privacy/security] that have been [tested/proven] in [a specific industry/sector], and how can they be [adapted/implemented] in other [similar/different] industries/sectors?""","14","Chatbot, ChatGPT, Data Privacy","Consider using secure communication protocols such as SSL/TLS to encrypt data transmissions between the chatbot and user.",,"Text","Gemini, ChatGPT, Claude","269922","14.png","3101","1","#ERROR!"
"1188","Proactive Measures for Chatbot Security","Implement preemptive measures against chatbot security threats, emphasizing [specific measures] and [particular technologies].","""What [specific] measures can be taken to [detect/identify] potential chatbot security threats, and how can [particular] security technologies be utilized to [mitigate/eliminate] these threats before they become a [major issue/problem]?""","14","Chatbot security, Preemptive measures, Detection","Implement access controls to ensure that only authorized users have access to user data.",,"Text","Gemini, ChatGPT, Claude","30706","14.png","411",,"Chatbot Security Analyst, Information Security Engineer, Data Security Specialist, Cloud Security Architect, Conversational AI Architect"
"1189","Chatbot Compliance with Data Privacy Regulations","Ensure chatbot adherence to [specific] data privacy standards and regulations, employing [specific] technical solutions.","""How can a chatbot [implement/adopt] [particular] security standards and [specific] regulations related to [data privacy/protection], and what [specific] technical solutions can be implemented to ensure compliance with these [particular] standards and regulations?""","14","Chatbot, Data Privacy Regulations, Compliance","Regularly review and update the chatbot's security measures to stay up-to-date with the latest threats and best practices.",,"Text","Gemini, ChatGPT, Claude","2456","14.png","341",,"#ERROR!"
"1190","Enhancing Backend Infrastructure Security for Chatbots","Strengthen chatbot backend security, focusing on [specific challenges] and utilizing [specific tools/methodologies].","""What [particular] steps can be taken to [enhance/improve] the [security/stability] of a chatbot's [backend infrastructure/backend], and how can [specific] tools and methodologies be utilized to identify and fix [particular] vulnerabilities or weaknesses in the system?""","6","Backend Infrastructure, Security, Chatbots","Regularly review and update the chatbot's security measures to stay up-to-date with the latest threats and best practices.",,"Text","Gemini, ChatGPT, Claude","39133","14.png","108",,"#ERROR!"
"1191","Innovative Approaches to Chatbot Data Privacy","Implement novel methods to address chatbot data privacy challenges, leveraging [specific technologies] for enhanced security.","""What are some [specific] challenges faced by chatbots in terms of [data privacy/security], and how can [particular] technologies or [novel/innovative] approaches be utilized to address these challenges and [improve/enhance] chatbot security and data privacy?""","14","Chatbot, Data Privacy, Technology","Regularly review and update the chatbot's security measures to stay up-to-date with the latest threats and best practices.",,"Text","Gemini, ChatGPT, Claude","25893","14.png","888",,"#ERROR!"
"1192","Customizing Chatbots to Brand Voice and Tone","ChatGPT can be a useful tool to customize chatbots to brand voice and tone. By training the language model with the brand's unique vocabulary and communication style, it can generate responses that align with the brand's personality. ChatGPT can also learn from past conversations to improve its understanding of the brand's tone and tailor responses accordingly. Additionally, ChatGPT can provide suggestions and variations of responses to ensure that the brand's voice and tone remain consistent and authentic.","""When it comes to customizing my chatbot's language to fit my [brand voice and tone], how can I ensure that ChatGPT understands and accurately reflects my preferred [vocabulary, syntax, and style] when responding to [different types of customer inquiries, feedback, or complaints]?""","14","ChatGPT, Vocabulary, Syntax","Begin by clearly defining your brand's voice and tone, and then use specific language and examples to train ChatGPT to recognize and replicate it.",,"Text","Gemini, ChatGPT, Claude","129390","14.png","2331","1","Content Writer, Marketing Manager, Brand Strategist, UX Designer, Customer Service Representative"
"1193","Rewriting A/B Version Of Winning Creative","ChatGPT is like a copycat ninja, but instead of copying moves, it copies winning creatives! With ChatGPT, you can say goodbye to writer's block and hello to rewriting A/B versions of your successful ads. It's like having your own Bruce Lee working for you, but instead of fighting, it's writing, and instead of yelling ""WATAHH!"" it's saying ""WONDERFUL!"" Just don't be surprised if ChatGPT starts giving you karate chop hand signals.","""Can you rewrite a version of the [winning creative/ad copy] that we can use for A/B testing on our campaign targeting [specific demographics/audiences]?""","11","ChatGPT, Bruce Lee, WONDERFUL","ðŸ’¡Clearly define goal for A/B version.",,"Text","Gemini, ChatGPT, Claude","205550","11.png","4416","1","Copywriter, Creative Director, Content Strategist, Marketing Manager, Brand Manager"
"1194","Captivate a New Audience: A Variation of Our Winning Ad","Unlocking fresh opportunities means speaking directly to different demographics. Let's tailor our winning creative to resonate deeply with a new target audience, expanding our reach and impact.","""Can you create a variation of the [winning creative/ad copy] that will appeal to a [different target audience/market segment] compared to the original version?""","11","Audience, Winning Ad, Variation","ðŸ’¡Utilize data and analytics from past campaigns to inform the changes you make to the A/B version.
",,"Text","Gemini, ChatGPT, Claude","38165","11.png","10",,"Brand Manager, Marketing Strategist, Creative Director, Copywriter, Social Media Marketer"
"1195","Powerful Refinement: Streamlining Our Winning Ad","In the world of marketing, brevity is key. Let's sharpen our winning creative to deliver maximum impact in fewer words, ensuring every message hits home with precision.","""Can you rephrase the [winning creative/ad copy] to make it more [concise/impactful] for a [specific audience/campaign]""","11","Powerful, Refinement, Promp","ðŸ’¡Clearly define goal for A/B version.",,"Text","Gemini, ChatGPT, Claude","1778","11.png","352",,"Marketing Strategist, Copywriter, Creative Director, Brand Manager, Content Specialist"
"1196","Revitalize Your Campaign: A Fresh Take on Our Winning Creative","Keeping campaigns vibrant means infusing them with fresh perspectives. Let's reimagine our winning creative, retaining its essence while injecting it with renewed vigor and relevance for our audience.","""I need help rewriting a winning creative for an [ad campaign/email marketing/social media] campaign. Can you help me come up with a new version that is similar to the original but with a fresh perspective? Original copy: [Original ad copy]""","11","Fresh Perspective, Revitalize, Creative","ðŸ’¡Utilize data and analytics from past campaigns to inform the changes you make to the A/B version.
",,"Text","Gemini, ChatGPT, Claude","25164","11.png","219",,"Creative Director, Copywriter, Marketing Strategist, Brand Manager, Graphic Designer"
"1197","Dual Impact: Crafting an A/B Version for a Diverse Audience","Diversifying our approach is essential for capturing the attention of varied demographics. Let's create an alternative version of our winning creative, finely tuned to resonate with a different demographic, ensuring we connect with every segment of our audience.","""I want to create an A/B version of a winning creative for [campaign]. Can you help me write a new version that will resonate with a different demographic? Original copy: [Original ad copy]""","11",,"ðŸ’¡Clearly define goal for A/B version.",,"Text","Gemini, ChatGPT, Claude","27257","11.png","97",,"#ERROR!"
"1198","Writing Ad Copy That Converts","ChatGPT is like a copycat ninja, but instead of copying moves, it copies winning creatives! With ChatGPT, you can say goodbye to writer's block and hello to rewriting A/B versions of your successful ads. It's like having your own Bruce Lee working for you, but instead of fighting, it's writing, and instead of yelling ""WATAHH!"" it's saying ""WONDERFUL!"" Just don't be surprised if ChatGPT starts giving you karate chop hand signals.","""Can you provide examples of effective ad copy for [specific product/service]?""","11","ChatGPT, Writing Ad Copy, Bruce Lee","Use A/B testing: Use A/B testing to determine which ad copy resonates best with the target audience. ChatGPT can help you with this by providing you with multiple versions of ad copy to test and analyze.",,"Text","Gemini, ChatGPT, Claude","263592","11.png","2171","1","Copywriters, Advertisers, Marketing Executives, Content Creators, Digital Marketers"
"1199","Crafting Compelling Ad Copy","In the dynamic landscape of your industry, effective ad copy is the cornerstone of success. Let's explore the key elements crucial for crafting captivating and persuasive ad copy tailored to your industry's unique nuances and audience expectations.","""What are the key elements that should be included in ad copy for [specific industry/field]?""","11","Ad Copy, Compelling, Industry Specific","Use A/B testing: Use A/B testing to determine which ad copy resonates best with the target audience. ChatGPT can help you with this by providing you with multiple versions of ad copy to test and analyze.",,"Text","Gemini, ChatGPT, Claude","12662","11.png","459",,"Real Estate, Finance, Healthcare, Technology, Education"
"1200","Mastering the Art of Headline Crafting","The headline is the gateway to engagement, especially when targeting a specific audience with a specific product or service. Let's delve into strategies for crafting headlines that not only grab attention but also resonate deeply with your target audience, driving them to action","""How do I write a compelling headline for [specific product/service] ad targeting [specific audience/demographic]?""","11","Promp, Headline Crafting, Specific Audience","Know your audience: Understand the target audience and their pain points, desires and needs. This will help ChatGPT to craft ad copy that resonates with them and addresses their specific needs.",,"Text","Gemini, ChatGPT, Claude","18327","11.png","832",,"Copywriter, Marketing Manager, Social Media Specialist, Content Strategist, Advertising Specialist"
"1201","Selling Success","In the crowded marketplace, standing out is paramount. Let's collaborate on crafting headlines and body copy that not only grab attention but also persuade potential customers to take the next step towards purchasing your product, driving tangible results for your campaign.","""I am creating an ad campaign for [product/service] and need help writing copy that will grab the attention of potential customers. Can you help me come up with headlines and body copy that will persuade them to make a purchase?""","11","Promp, attention, headline","Know your audience: Understand the target audience and their pain points, desires and needs. This will help ChatGPT to craft ad copy that resonates with them and addresses their specific needs.",,"Text","Gemini, ChatGPT, Claude","26351","11.png","434",,"Marketing Professionals, Copywriters, Content Strategists, Creative Directors, Advertising Executives"
"1202","Crafting Intriguing Copy for a New Product Launch","Launching a new product is an exhilarating endeavor, but capturing audience interest is key to its success. Let's brainstorm headlines and body copy that ignite curiosity, excitement, and a desire to learn more about your groundbreaking product, setting the stage for a captivating launch.","""I am launching a new [product/service] and need help writing ad copy that will generate excitement and interest of [audience]. Can you help me come up with headlines and body copy that will make people want to learn more?""","11","New Product Launch, Audience Engagement, Headline & Body Copy","Know your audience: Understand the target audience and their pain points, desires and needs. This will help ChatGPT to craft ad copy that resonates with them and addresses their specific needs.",,"Text","Gemini, ChatGPT, Claude","2566","11.png","504",,"Marketing Specialist, Copywriter, Content Strategist, Product Manager, Brand Manager"
"1203","Writing A Brief For Video Editor","ChatGPT is like a copycat ninja, but instead of copying moves, it copies winning creatives! With ChatGPT, you can say goodbye to writer's block and hello to rewriting A/B versions of your successful ads. It's like having your own Bruce Lee working for you, but instead of fighting, it's writing, and instead of yelling ""WATAHH!"" it's saying ""WONDERFUL!"" Just don't be surprised if ChatGPT starts giving you karate chop hand signals.","""Can you write a brief for a [video style/type] that will be used to promote our [product/service/brand] to a [target audience]?""","11",,"Highlight important details: Use ChatGPT to help you highlight important details, such as specific shots or elements that are critical to the project.",,"Text","Gemini, ChatGPT, Claude","141199","11.png","4361","1","Copywriter, Content Writer, Marketing Manager, Creative Director, Social Media Specialist"
"1204","Crafting Our Company's Essence","We aim to articulate our company's essence clearly and compellingly to potential clients. This duration video should encapsulate our mission and values, fostering a deep understanding of who we are and what we stand for","""Can you draft a brief for a [video length/duration] that will be used to explain our [company's mission/values] to potential clients?""","11","Company's Essence, Mission, Values","Be specific about the project: Provide ChatGPT with detailed information about the video project, including the purpose, target audience, and desired tone of the video. This will help ChatGPT provide more relevant and accurate information for the brief.",,"Text","Gemini, ChatGPT, Claude","39610","11.png","148",,"Content writer, Copywriter, Marketing manager, Brand strategist, Creative director"
"1205","Guiding Product Usage","Empowering our customers with knowledge is pivotal. This instructional video should succinctly demonstrate the steps to use our product, catering to both new users seeking guidance and existing customers aiming for mastery.","""Can you create a brief for a [explainer/how-to] video that will be used to demonstrate the steps to use our [product/service] effectively to a [new/existing customers]""","11","Product Usage, Explainer Video, How-to Video","Highlight important details: Use ChatGPT to help you highlight important details, such as specific shots or elements that are critical to the project.",,"Text","Gemini, ChatGPT, Claude","24922","11.png","238",,"Marketing, Product Management, Customer Success, Sales Enablement, Training"
"1206","Inform and Engage","Educating our audience on a specific topic requires finesse and clarity. This video aims to strike a balance between informative content and engaging delivery, ensuring viewers grasp key concepts while maintaining interest throughout.","""I am planning to create a video that will educate my audience about [topic]. Can you help me write a brief for the video editor that includes information on tone, pacing, and desired outcome of the video?""","11","Inform, Engage, Promp","Be specific about the project: Provide ChatGPT with detailed information about the video project, including the purpose, target audience, and desired tone of the video. This will help ChatGPT provide more relevant and accurate information for the brief.",,"Text","Gemini, ChatGPT, Claude","30005","11.png","435",,"Video Producer, Content Writer, Social Media Manager, Marketing Specialist, Educator"
"1207","Highlighting Excellence","Setting our offering apart from competitors is crucial. This video should spotlight the key features of our product, emphasizing their value proposition and illustrating how they surpass rival offerings in the market.","""I need to create a video that will showcase the features of [product/service]. Can you help me write a brief for the video editor that highlights the key selling points and differentiates our offering from competitors?""","11","Highlighting, Competitors, Value Proposition","Be specific about the project: Provide ChatGPT with detailed information about the video project, including the purpose, target audience, and desired tone of the video. This will help ChatGPT provide more relevant and accurate information for the brief.",,"Text","Gemini, ChatGPT, Claude","12912","11.png","595",,"Marketing, Product Management, Sales, Business Development, Competitive Intelligence"
"1208","Generating Images That Grab Attention","ChatGPT, the witty language model, is here to grab your attention and get your creative juices flowing! With its vast knowledge and quick thinking abilities, ChatGPT can generate image ideas that will have everyone doing a double-take. Whether you're in need of a captivating social media post or a stand-out billboard design, ChatGPT has got you covered. So sit back, relax, and let the words flow - ChatGPT will do the rest!","""Visualize a concept that presents [product/service] in a [modern/minimalistic/vintage etc] style. How can you use typography, color, and other design elements to achieve this look and feel?""","11","ChatGPT, Creativity, Image","Be specific: The more specific and clear your prompts are, the more accurate and helpful the responses will be.",,"Text","Gemini, ChatGPT, Claude","135492","11.png","3479","1","Content Writer, Graphic Designer, Marketing Specialist, Creative Director, Social Media Manager"
"1209","Conceptualizing an Irresistible Image","Crafting an image where our product/service stands as the epitome of [adjective] for our target audience requires thoughtful integration of elements that align with their lifestyle and aspirations. Let's explore how to make it resonate deeply, capturing their attention and driving home our offering's appeal.","""Generate a concept that showcases [product/service] as the ultimate [adjective] choice for [target audience]. What elements can you add to the image to make it appealing and relevant to this audience?""","11","Image, Product, Appeal","Provide context: If you're asking about a specific topic, provide some background information or context to help ChatGPT better understand what you're looking for.",,"Text","Gemini, ChatGPT, Claude","29775","11.png","269",,"Marketing, Advertising, Design, Product Management, Copywriting"
"1210","Designing a Compelling Image","In illustrating the advantages of our product/service, our image must captivate attention while conveying key information effectively. Let's explore how strategic use of color, shape, and design elements can create an engaging visual narrative, compelling our audience to take notice and act.","""Conceptualize an image that clearly demonstrates the advantages of [product/service] in an attractive and compelling way. How can you use colour, shape, and other design elements to make the information more engaging and effective?""","11","Design, Visual Narrative, Compelling","Be specific: The more specific and clear your prompts are, the more accurate and helpful the responses will be.",,"Text","Gemini, ChatGPT, Claude","21691","11.png","475",,"Graphic Designer, Illustrator, Marketing Specialist, Brand Manager, Content Creator"
"1211","Conceptualizing Memorable Content","Presenting the key features of our product/service in a fun and memorable way demands creativity and engagement. Let's brainstorm how playful elements and relatable scenarios can transform our concept into enjoyable content that resonates with our audience, leaving a lasting impression.","""Think of a way to present the key features of [product/service] in a fun and memorable way. What elements can you add to the concept to make it more enjoyable and appealing?""","11","Conceptualize, Memorable, Playful","Provide context: If you're asking about a specific topic, provide some background information or context to help ChatGPT better understand what you're looking for.",,"Text","Gemini, ChatGPT, Claude","840","11.png","573",,"Content Creator, Marketing Executive, UX Designer, Product Manager, Copywriter"
"1212","Conceptualizing Captivating Imagery","Combining our product/service with the spirit of a holiday or event requires a seamless blend of thematic elements and our offering. Let's explore how holiday-themed imagery and strategic integration of our product/service can create an image that not only stands out but also taps into the festive sentiments of our audience.","""Come up with a concept that combines [product/service] with [event/holiday/season] in a festive and captivating manner. How can you use holiday-themed imagery and elements to create an image that stands out?""","11","Captivating Imagery, Event/Holiday/Season, Product/Service","Be specific: The more specific and clear your prompts are, the more accurate and helpful the responses will be.",,"Text","Gemini, ChatGPT, Claude","13311","11.png","778",,"Content Writer, Social Media Marketer, Marketing Manager, Event Planner, Graphic Designer"
"1213","Research Pains and Desires Of A Buyer Persona In Minutes","ChatGPT is a powerful language generation model that can be leveraged to research and understand the pains and desires of a buyer persona. By providing the model with detailed information about the target audience and specific questions related to pains and desires, ChatGPT can generate a variety of responses that can help you gain insight into your target market.

Keep in mind that the **key to success** with buyer persona research is **understanding the target audience**, so be sure to review the generated responses and validate with real-world research.","""I am looking to research the pains and desires of [buyer persona]. Can you please generate a list of common pains and desires that this audience may have?""","11","ChatGPT, Buyer Persona, Pains, Desires","Be specific when providing information about the target audience and the specific industry or product/service you're researching.

Try asking the same question using different wording or phrasing to get a variety of responses.",,"Text","Gemini, ChatGPT, Claude","169094","11.png","3234","1","Marketer, Salesperson, Product Manager, UX Researcher, Business Analyst"
"1214","Unveiling the Challenges and Aspirations of Your Buyer Persona","Dive deep into the psyche of your buyer persona with ChatGPT's assistance. By furnishing the model with insights into your target audience and pertinent inquiries regarding their industry or product/service, ChatGPT can compile a comprehensive list of prevalent pains and desires. Remember, understanding your audience is paramount to success, so leverage these insights to refine your strategies and offerings accordingly.","""I am looking to understand the challenges and goals of [buyer persona]. Can you please generate a list of common pains and desires that this audience may have related to [specific industry or product/service]?""","11","ChatGPT, Buyer Persona, Promp","Use the generated responses as a starting point and conduct additional research to verify and validate the information.",,"Text","Gemini, ChatGPT, Claude","26388","11.png","668",,"Marketing Manager, Sales Manager, Product Manager, Business Owner, Customer Success Manager"
"1215","Uncovering the Motivations and Concerns of Your Buyer Persona","Embark on a journey to decipher the motivations and objections of your buyer persona alongside ChatGPT. By equipping the model with pertinent details about your target audience and specific queries regarding their industry or product/service, ChatGPT can compile an exhaustive inventory of common pains and desires. Utilize these insights to fortify your approach and address any apprehensions your audience may harbor, ensuring your offerings resonate deeply with their needs and aspirations.","""I am looking to understand the motivations and objections of [buyer persona]. Can you please generate a list of common pains and desires that this audience may have when considering [specific industry or product/service]?""","11","Buyer Persona, ChatGPT, Motivations, Concerns","Use the information gained to create a detailed buyer persona and use it to inform your marketing and sales strategies.
Don't be afraid to ask follow-up questions to gain more insight into the Pains and Desires of the target audience.",,"Text","Gemini, ChatGPT, Claude","7685","11.png","185",,"Marketing Manager, Product Manager, Sales Representative, Customer Success Manager, UX Designer"
"1216","Finding Product Benefits For Landing Page","ChatGPT is your secret weapon when it comes to crafting landing pages that convert. It's like having your own personal copy ninja, quietly slipping in powerful benefits and persuasive language that will make your visitors say ""Take my money!"" With ChatGPT, you'll never have to worry about bland, generic landing pages again. Say goodbye to writer's block, and hello to landing pages that pack a punch. Give ChatGPT a try and watch your conversions soar to new heights. And don't worry, ChatGPT won't tell anyone, it's your secret weapon.","""What are the benefits of using [product name] for [specific use case]?""","8","ChatGPT, Landing Page, Product Benefits","ðŸ’¡Highlight unique selling points: Highlight the unique selling points of your product or service that set it apart from competitors. ChatGPT can help you with this by providing you with language and examples that emphasize your unique selling points.",,"Text","Gemini, ChatGPT, Claude","115547","8.png","4887","1","Copywriter, Content Writer, Marketing Assistant, Digital Marketing Specialist, Product Manager"
"1217","Maximizing Benefits on Your Landing Page","Learn to captivate your audience and drive conversions by mastering persuasive copywriting tailored to highlight [benefit].","""How do I write persuasive copy for a landing page that focuses on [benefit]?""","8","Persuasive Copywriting, Landing Page Optimization, Benefit-Driven Copy","ðŸ’¡Test and refine: Regularly test and refine your landing page by analyzing metrics such as bounce rates and conversion rates. ChatGPT can help you with this by providing you with examples of how to analyze and interpret these metrics to improve your landing page.
",,"Text","Gemini, ChatGPT, Claude","34443","8.png","170",,"Copywriter, Landing Page Optimizer, Content Strategist, Marketing Manager, Digital Marketer"
"1218","Harnessing Product Name to Address Problem","Discover how product Name efficiently tackles problem to streamline your experience and boost productivity.","""How does [product name] help with [problem it solves]?""","8","Harnessing, Product, Problem","ðŸ’¡Finally, try to experiment with different prompts and see what works best for your specific use case.",,"Text","Gemini, ChatGPT, Claude","39885","8.png","293",,"Content Writer, Social Media Manager, Marketing Strategist, Product Manager, Technical Writer"
"1219","Unveiling Product Name's Distinctive Edge","Delve into what sets product name apart from competitors, revealing its unique advantages and unmatched features.","""What makes [product name] stand out from other [similar products/competitors]?""","8","Product Name, Unique Advantages, Unmatched Features","ðŸ’¡Highlight unique selling points: Highlight the unique selling points of your product or service that set it apart from competitors. ChatGPT can help you with this by providing you with language and examples that emphasize your unique selling points.",,"Text","Gemini, ChatGPT, Claude","27974","8.png","776",,"Marketing, Product Development, Sales, Copywriting, Public Relations"
"1220","Exploring Product Name's Influence on Specific Aspect","Witness the real-life transformations as customers share how Product Name has elevated their Specific Aspect with unparalleled effectiveness.","""How has [product name] helped other customers improve their [specific aspect of business/life]?""","8","Product Name, Specific Aspect, How","ðŸ’¡Test and refine: Regularly test and refine your landing page by analyzing metrics such as bounce rates and conversion rates. ChatGPT can help you with this by providing you with examples of how to analyze and interpret these metrics to improve your landing page.
",,"Text","Gemini, ChatGPT, Claude","16532","8.png","792",,"Marketing, Sales, Customer Success, Product Management, Content Creation"
"1221","Generating Product Comparison Infographics","ChatGPT can help generate product comparison infographics that are both informative and visually appealing. With its vast knowledge and language generation capabilities, ChatGPT can help turn data into eye-catching images that can be easily understood by audiences of all levels. Say goodbye to boring spreadsheets and hello to attractive infographics!","""Which product, [product A] or [product B], offers better performance in regards to [feature 1], [feature 2], and [feature 3] and why?""","8","Infographics, ChatGPT, Product Comparison","Use clear and concise language: Use simple language that can be easily understood to avoid confusion and misinterpretation.",,"Text","Gemini, ChatGPT, Claude","124948","8.png","3042","1","#ERROR!"
"1222","Contrasting Features of Product A and Product B","Unveil the nuanced disparities between Product A and Product B across Feature 1, Feature 2, and Feature 3, guiding your informed decision-making process.","""What are the key differences between [product A] and [product B] in terms of [feature 1], [feature 2], and [feature 3]?""","8","Product A, Product B, Feature","Use clear and concise language: Use simple language that can be easily understood to avoid confusion and misinterpretation.",,"Text","Gemini, ChatGPT, Claude","24310","8.png","855",,"Product Manager, Marketing Analyst, Business Analyst, Technical Writer, Sales Executive"
"1223","Deciphering Product Superiority","Unlock the mystery of product superiority with ChatGPT. Seamlessly analyze the strengths of [Product A] versus [Product B] across [Feature 1], [Feature 2], and [Feature 3]. Say goodbye to uncertainty and hello to informed decisions. Give ChatGPT a try and unveil the winning choice for your needs.","""Which one is better, [product A] or [product B], and why in terms of [feature 1], [feature 2], and [feature 3]?""","8","ChatGPT, Product Superiority, Comparison","Be specific: To get more accurate and detailed information, be specific in your questions. Mention the exact products and features you want to compare.",,"Text","Gemini, ChatGPT, Claude","1252","8.png","333",,"Product Manager, Marketing Analyst, Sales Executive, Business Development Manager, Market Researcher"
"1224","Unlocking Product Superiority","Leverage ChatGPT's expertise in crafting engaging and visually captivating product comparison graphics. Seamlessly blend data with compelling visuals, making complex information easily digestible and captivating for all audiences. Say farewell to mundane spreadsheets and embrace dynamic, informative infographics!","""What makes [product A] a better option compared to [product B] when it comes to [feature 1], [feature 2], and [feature 3]?""","8","ChatGPT, Product Comparison, Infographics","Be specific: To get more accurate and detailed information, be specific in your questions. Mention the exact products and features you want to compare.",,"Text","Gemini, ChatGPT, Claude","16367","8.png","184",,"Product Managers, Data Analysts, Content Marketers, Graphic Designers, UX Researchers"
"1225","Unveiling Product Advantages: Landing Page Edition","Elevate your landing page game with ChatGPT. Seamlessly infuse persuasive benefits and compelling language into your content, transforming visitors into eager customers. Say farewell to bland pages and hello to conversion-boosting magic. Try ChatGPT today and keep your competitive edge discreetly intact.","""Can you provide a side-by-side comparison of [product A] and [product B] in regards to [feature 1], [feature 2], and [feature 3]?""","8","ChatGPT, Landing Page, Side-by-Side Comparison","Be specific: To get more accurate and detailed information, be specific in your questions. Mention the exact products and features you want to compare.",,"Text","Gemini, ChatGPT, Claude","30732","8.png","596",,"#ERROR!"
"1226","Writing 100 Product Descriptions In Seconds","ChatGPT is the ultimate wordsmith when it comes to crafting product descriptions that sell! With its lightning-fast language processing abilities, ChatGPT can crank out 100 product descriptions in mere seconds, leaving your competitors in the dust. Say goodbye to writer's block and hello to endless product descriptions that will make your customers click ""add to cart"" faster than you can say ""ChatGPT is amazing!"" Just don't blame us if you can't keep up with all the sales!","""Create a compelling product description for a [product category] that entices customers to purchase, using a maximum of 100 words.""","8","ChatGPT, Product Description, Writing","Use bullet points: Instead of writing long paragraphs, use bullet points to list out the key features and benefits of the product. This can make it easier to quickly scan and understand the information.",,"Text","Gemini, ChatGPT, Claude","233941","8.png","4110","1","Copywriter, Content Creator, Marketing Manager, E-commerce Specialist, Product Manager"
"1227","Crafting Compelling Product Descriptions","Elevate your product's presence in the market with ChatGPT. Seamlessly highlight [Product Name]'s distinct advantages, setting it apart from competitors. Say goodbye to generic descriptions and hello to captivating copy that drives sales. Give ChatGPT a try and witness your product shine brighter than ever before.","""Write a product description for a [product name] that emphasizes its unique selling points and differentiates it from similar products on the market.""","8","ChatGPT, Product Name, Unique Selling Points","Create a template: Having a template for product descriptions can make it easier to quickly write them. This can include information such as product features, benefits, and specifications that can be filled in with specific details for each product.",,"Text","Gemini, ChatGPT, Claude","22567","8.png","425",,"Marketing Copywriter, Product Manager, Content Creator, Sales Executive, Digital Marketing Specialist"
"1228","Capturing Attention","Unleash the power of concise and captivating product descriptions with ChatGPT. Craft attention-grabbing blurbs for Product Name in under 60 words, enticing potential customers with irresistible hooks. Say goodbye to lengthy spiels and hello to punchy, memorable copy. Give ChatGPT a try and make every word count in your marketing efforts.","""Write a short and catchy product description for a [product name] that will grab the attention of potential customers in under 60 words.""","8","ChatGPT, Product Name, Capturing Attention","Use bullet points: Instead of writing long paragraphs, use bullet points to list out the key features and benefits of the product. This can make it easier to quickly scan and understand the information.",,"Text","Gemini, ChatGPT, Claude","9535","8.png","354",,"#ERROR!"
"1229","Effortless Product Description Generation","Streamline your marketing efforts with ChatGPT's ability to generate 100 dynamic product descriptions for Company Name's Product Type. Highlighting key features and benefits, ChatGPT ensures each description resonates with your target audience, driving engagement and sales. Say goodbye to tedious manual writing and hello to efficient, high-quality content creation.","""Generate 100 product descriptions for [Company Name]'s [Product Type] using ChatGPT, highlighting the key features and benefits.""","8","ChatGPT, Product Type, Effortless","Create a template: Having a template for product descriptions can make it easier to quickly write them. This can include information such as product features, benefits, and specifications that can be filled in with specific details for each product.",,"Text","Gemini, ChatGPT, Claude","18735","8.png","142",,"Marketing Manager, Content Creator, Product Specialist, Sales Copywriter, Digital Marketing Specialist"
"1230","Efficient Product Description Creation","Embark on a journey of streamlined productivity with ChatGPT's assistance in crafting product descriptions for your 100 products. Let ChatGPT help you devise effective templates and language that vividly illustrate the key features and benefits of each item. Bid farewell to time constraints and hello to effortlessly crafted, impactful descriptions.","""I am looking to create product descriptions for [100 products] in a short amount of time. Can you help me come up with a template and language that will effectively describe the key features and benefits of each product?""","8","ChatGPT, Template, Language","Keep it simple: Keep your language simple and easy to understand, so customers can quickly and easily understand what the product is and what it does.",,"Text","Gemini, ChatGPT, Claude","3835","8.png","111",,"Product Manager, Content Writer, Copywriter, Marketing Specialist, Business Owner"
"1231","Generating Landing Page Headlines","ChatGPT is the ultimate headline generator! With its advanced language skills and ability to understand context, it can craft headlines that will make your visitors stop in their tracks and take notice. It's like having your own personal headline wizard, but instead of casting spells, it's crafting headlines that will make your products and services irresistible. Whether you're looking for something straight to the point or a little more creative, ChatGPT has got you covered. And unlike a human copywriter, ChatGPT never runs out of headline ideas, so you'll always have a fresh batch of headlines ready to go.","""Generate a headline that summarizes the benefits of [product/service] for [target audience].""","8","ChatGPT, Headline, Prompt","Provide background information: Provide ChatGPT with background information about your product or service, as well as your target audience, to give it a better understanding of the context in which the headlines will be used.",,"Text","Gemini, ChatGPT, Claude","221295","8.png","4282","1","Copywriter, Marketing Specialist, Content Creator, Social Media Manager, SEO Specialist"
"1232","Your Ultimate Solution Amongst Competitors","Uncover the distinctiveness of your service with a headline that shines a spotlight on its unparalleled value proposition. Let ChatGPT help you articulate the superiority of your offering over competitors, captivating your audience's attention and driving interest. Say goodbye to generic headlines and hello to a compelling narrative that sets your apart.","""Write a headline that conveys the unique value proposition of [product/service] compared to similar offerings.""","8","ChatGPT, Unique, Value Proposition","Provide an overall goal for the headlines: Provide ChatGPT with an overall goal for the headlines, such as increasing click-through rates or conversions, so it can tailor its suggestions accordingly.",,"Text","Gemini, ChatGPT, Claude","7258","8.png","370",,"Marketing Manager, Content Writer, Creative Director, Business Analyst, Product Development"
"1233","Tailored Solutions for Your Audience","Ignite excitement among your target audience with a headline that spotlights the key features of [Product/Service] tailored just for them. Let ChatGPT craft a compelling narrative that resonates with your audience, showcasing how [Product/Service] addresses their specific needs and aspirations. Say goodbye to generic messaging and hello to captivating headlines that drive engagement and conversions.","""Create a headline that emphasizes the key features of [product/service] for [target audience].""","8","Targeted, Headline, Engagement","Provide the desired tone and style: Give ChatGPT an idea of the tone and style you are looking for in your headlines, whether that be serious, casual, or humorous.",,"Text","Gemini, ChatGPT, Claude","25794","8.png","712",,"Content writers, Marketing executives, Advertising creatives, Social media managers, Brand storytellers"
"1234","Customized Solutions for Your Audience","Craft a headline that illustrates the transformative power of [Product/Service], showcasing the tangible results customers can expect. Let ChatGPT help you communicate the profound impact [Product/Service] can have on achieving [desired result], instilling confidence and excitement in your audience. Say goodbye to vague promises and hello to compelling headlines that inspire action and drive success.","""Formulate a headline that showcases the results customers can expect from using [product/service].""","8","Customized, ChatGPT, Solution","Provide the desired tone and style: Give ChatGPT an idea of the tone and style you are looking for in your headlines, whether that be serious, casual, or humorous.",,"Text","Gemini, ChatGPT, Claude","6542","8.png","511",,"Content writers, Marketing professionals, Sales executives, Business owners, Product managers"
"1235","Addressing Pain Points for Your Audience","Craft a headline that illuminates how [Product/Service] addresses the primary pain points of [Target Audience], offering a solution to their most pressing problems. With ChatGPT's assistance, articulate the value proposition of [Product/Service] in tackling challenges head-on, resonating deeply with your audience and sparking interest. Say goodbye to unresolved issues and hello to empowered solutions with [Product/Service].","""Draft a headline that highlights the problem [product/service] solves for [target audience].""","8","Headline, Target Audience, Product/Service","Provide an overall goal for the headlines: Provide ChatGPT with an overall goal for the headlines, such as increasing click-through rates or conversions, so it can tailor its suggestions accordingly.",,"Text","Gemini, ChatGPT, Claude","14486","8.png","265",,"Job Hunter, Marketer, Product Manager, Content Creator, Copywriter"
"1236","Providing Crisis Management Guidance","ChatGPT can be a valuable tool for providing crisis management guidance by generating tailored responses to specific crisis situations. Its language generation capabilities can help in providing practical advice, suggestions, and support to individuals and organizations dealing with crisis situations. By providing detailed information and insights, ChatGPT can help to reduce stress and anxiety during a crisis and facilitate informed decision-making.","""In the event of a [specific crisis], what are the most effective steps that [specific group] can take to ensure [specific outcome]?""","6","Crisis Management Guidance, ChatGPT, Tailored Responses","Provide clear and concise information about the specific crisis situation to help ChatGPT generate more accurate and relevant responses.",,"Text","Gemini, ChatGPT, Claude","3548","6.png",,"1","1. Emergency response teams
2. Public relations firms
3. Human resources departments
4. Crisis communication consultants
5. Non-profit organizations"
"1237","Crisis Preparedness Plan for Targeted Organizations","Explore tailored training strategies for organizations to navigate crises effectively, safeguarding specific demographics.","""What [specific type of training/education/plan] should [specific organization] have in place to prepare for a [specific type of crisis] that could impact [specific group]?""","6","Crisis, Demographics, Target Organizations","Consider providing ChatGPT with details about the target audience, such as their age, location, or profession, to help tailor the guidance to their specific needs.",,"Text","Gemini, ChatGPT, Claude","52","6.png",,,"1. Non-profit organizations serving vulnerable populations
2. Healthcare institutions focusing on elderly care
3. Educational institutions catering to students with special needs
4. Government agencies responsible for disaster management
5. Financial institutions providing services to low-income communities"
"1238","Tailored Crisis Response Strategies","Discover optimal practices for specific groups during crises, addressing their unique requirements.","""Considering the unique needs of [specific group of people], what are the best practices for [specific action] during a [specific type of crisis]?""","6","Crisis Response, Tailored Strategies, Targeted Interventions","Give ChatGPT context about the severity of the crisis situation to ensure that the generated responses are appropriately sensitive and empathetic.",,"Text","Gemini, ChatGPT, Claude","96","6.png",,,"Emergency Management Specialist, Crisis Intervention Counselor, Disaster Response Coordinator, Humanitarian Aid Worker, Public Health Emergency Planner"
"1239","Strategic Crisis Management Advice","Explore methods for organizations to navigate crises while mitigating specific concerns effectively.","""Can you provide guidance on how [specific organization] can effectively manage [specific type of crisis] while also addressing [specific concern/impact]?""","6","crisis management, specific concern, specific crisis","Give ChatGPT context about the severity of the crisis situation to ensure that the generated responses are appropriately sensitive and empathetic.",,"Text","Gemini, ChatGPT, Claude","691","6.png",,,"1. Public Relations Manager
2. Crisis Communications Specialist
3. Risk Management Consultant
4. Corporate Lawyer
5. Emergency Response Coordinator"
"1240","Key Considerations Post-Crisis","Explore vital factors when taking action after a crisis affecting specific groups.","""What are the most important factors to consider when [specific action] in the aftermath of a [specific type of crisis] that has impacted [specific group]?""","6","Post-Crisis, Action, Considerations","Give ChatGPT context about the severity of the crisis situation to ensure that the generated responses are appropriately sensitive and empathetic.",,"Text","Gemini, ChatGPT, Claude","417","6.png",,,"1. Crisis Management Consultant
2. Humanitarian Aid Coordinator
3. Social Worker
4. Nonprofit Organization Director
5. Government Emergency Response Coordinator"
"1241","Identifying Media Outlets for Outreach","ChatGPT can be used to identify media outlets for outreach by leveraging its vast knowledge base and natural language processing capabilities. By providing specific details about your project or campaign, ChatGPT can generate a list of media outlets that are relevant to your target audience and message. This can save you time and effort in identifying potential outlets and help you focus on creating effective outreach strategies.","""What are some [topical keywords] media outlets that would be interested in covering [specific angle or focus of your content] for an audience of [demographic details] in [specific region or country]?""","6","Outreach, ChatGPT, Media Outlets","Provide specific details about your project, such as target audience, topic, location, and industry, to help ChatGPT generate more relevant recommendations.",,"Text","Gemini, ChatGPT, Claude","3844","6.png",,"1","Public Relations Specialist, Marketing Manager, Communications Coordinator, Outreach Coordinator, Media Relations Manager"
"1242","Targeted Media Outreach Inquiry","Identify prime media outlets favored by your demographic in a specific location for effective content placement.","""I'm looking to target a specific [geographical location] for my outreach. What are some media outlets that are popular among [specific demographic or interest group] in [geographical location] that are likely to be interested in [specific angle or focus of your content]?""","6","Media outreach, Target audience, Geographic location","Use keywords and phrases related to your topic to help ChatGPT understand the context and generate more accurate recommendations.",,"Text","Gemini, ChatGPT, Claude","864","6.png",,,"1. Marketing and advertising agencies
2. Public relations firms
3. Non-profit organizations
4. Event planning companies
5. Tourism boards"
"1243","Targeted Media Research Inquiry","Identify ideal media channels for specific demographics in chosen locations, enhancing content relevance and outreach effectiveness.","""Based on [previous articles, studies, or reports] about [related topic or subject matter], can you suggest some media outlets that have previously covered [similar topic/subject matter] and have an audience of [specific demographic details]?""","6","Demographics, Media Outlets, Targeted Advertising","Check the credibility and relevance of the recommended media outlets before reaching out to them. Look for outlets that align with your message and values, and have a good reputation in the industry.",,"Text","Gemini, ChatGPT, Claude","767","6.png",,,"Marketing Manager, Advertising Strategist, Media Planner, Market Research Analyst, Digital Marketing Specialist"
"1244","Tailored Media Outlet Recommendations","Discover niche-focused media outlets delivering specific content formats to targeted demographics.","""Can you recommend media outlets that cater to [niche audience] for [specific type of content] such as [specific industry, interest or topic]? I'm looking for outlets that have a [specific type of content format] and have an audience of [demographic details].""","6","Media Outlets, Specific Content, Targeted Demographics","Check the credibility and relevance of the recommended media outlets before reaching out to them. Look for outlets that align with your message and values, and have a good reputation in the industry.",,"Text","Gemini, ChatGPT, Claude","671","6.png",,,"1. Advertising agencies
2. Market research firms
3. Public relations companies
4. Media planning and buying agencies
5. Digital marketing agencies"
"1245","Social Media Savvy Media Outlets","Explore online media channels active on specific platforms, targeting niche topics and demographics, with guidance on effective outreach strategies.","""What are some media outlets that have a strong online presence and are likely to share content on [specific social media platform]? I'm looking for outlets that cover [specific topic or industry] and have an audience of [specific demographic details]. Additionally, can you provide any insights on the best ways to approach these outlets for outreach?""","6","Social Media, Niche Media, Influencer Outreach","Check the credibility and relevance of the recommended media outlets before reaching out to them. Look for outlets that align with your message and values, and have a good reputation in the industry.",,"Text","Gemini, ChatGPT, Claude","435","6.png",,,"1. Marketing agencies
2. Public relations firms
3. Advertising companies
4. Digital media publishers
5. Social media management companies"
"1246","Creating Brand Messaging for PR","ChatGPT can assist in creating brand messaging for PR by providing a wide range of writing prompts and ideas based on the brand's core values, target audience, and unique selling propositions. With its natural language processing capabilities, ChatGPT can help craft compelling and persuasive messaging that resonates with the intended audience and captures the essence of the brand.","""Our [insert brand name] needs to create brand messaging that will resonate with [insert target audience] and convey our unique selling proposition, which is [insert USP]. Can you provide writing prompts that highlight our core values of [insert core values] while still being persuasive and attention-grabbing?""","6","ChatGPT, Promp, Brand Messaging","Before engaging with ChatGPT, clearly define the brand's unique selling propositions, target audience, and core values. This information will help ChatGPT generate more accurate and relevant messaging prompts.",,"Text","Gemini, ChatGPT, Claude","2940","6.png",,"1","1. Marketing Manager
2. Public Relations Specialist
3. Advertising Copywriter
4. Brand Strategist
5. Communications Director"
"1247","Brand Messaging Revamp Support","Craft engaging PR messages for rebranding efforts, highlighting unique brand features.","""As part of our rebranding efforts, we're looking to create a fresh and modern PR message for our [insert brand name]. We want to convey our brand personality and unique features that differentiate us from our competitors, such as [insert differentiating features]. Can you help us with writing prompts that strike the right tone and capture our brand essence?""","6","Brand Messaging, Rebranding, PR","Provide ChatGPT with relevant examples of the brand's previous messaging or successful PR campaigns to help it better understand the brand's personality and tone.",,"Text","Gemini, ChatGPT, Claude","440","6.png",,,"Public Relations Specialist, Marketing Manager, Brand Strategist, Creative Director, Advertising Executive"
"1248","Thought Leadership Messaging for Product Launch","This prompt provides crisis management guidance by offering specific steps that a designated group can undertake to effectively address a particular crisis. By following the recommended actions, the group aims to ensure a desired outcome, ensuring a structured and effective response to critical situations. The prompt is designed to assist organizations and individuals in navigating challenges, minimizing risks, and safeguarding intended outcomes during crises.","""Our [insert brand name] is launching a new [insert product/service] in the [insert industry] industry, and we need to create messaging that appeals to [insert target audience]. We want to position ourselves as a thought leader in the industry while still being relatable and approachable. Can you suggest some language that conveys our industry expertise, brand personality, and unique product features?""","6","Thought Leadership, Promp, Product Launch","Review and refine the messaging generated by ChatGPT, using your own judgment and understanding of the brand's voice and target audience, to ensure that the messaging accurately represents the brand's values and resonates with the intended audience.",,"Text","Gemini, ChatGPT, Claude","520","6.png",,,"1. Marketing Manager
2. Public Relations Specialist
3. Content Strategist
4. Brand Manager
5. Product Manager"
"1249","Develop compelling language for product launch, positioning the brand as an industry authority.","**Introduction to Crisis Preparedness Plan for Targeted Organizations Prompt**

This prompt serves as a comprehensive tool for organizations to develop tailored crisis preparedness plans. It prompts the user to define the specific type of training, education, or plan required by a specific organization to equip them for a particular type of crisis that could impact a designated group. By completing this prompt, organizations can ensure that they have appropriate measures in place to mitigate risks and protect their stakeholders effectively. The prompt's adaptable nature allows it to be customized according to each organization's unique needs, empowering them with a tailored plan for any potential crisis scenario.","""We need to create messaging for our [insert brand name] that positions us as an industry expert in [insert industry], while still being relatable and engaging to [insert target audience]. We want to highlight our brand's core values of [insert core values] while showcasing our industry knowledge and experience. Can you provide us with writing prompts that strike the right balance between industry expertise and approachability?""","6","Promp, Brand, Industry","Review and refine the messaging generated by ChatGPT, using your own judgment and understanding of the brand's voice and target audience, to ensure that the messaging accurately represents the brand's values and resonates with the intended audience.",,"Text","Gemini, ChatGPT, Claude","400","6.png",,,"1. Technology industry
2. Fashion industry
3. Automotive industry
4. Healthcare industry
5. Financial services industry"
